<?xml version="1.0" standalone="yes"?>
<rss xmlns:sparkle="http://www.andymatuschak.org/xml-namespaces/sparkle" version="2.0">
  <channel>
    <title>IPA Palette</title>
    <link>https://www.blugs.com/Appcasts/IPAPalette.xml</link>
    <item>
      <title>2.3.2</title>
      <description><![CDATA[
          <h2>Version 2.3.2</h2>
          <p>Fixes a bug causing IPA Manager to fail to register IPA Palette
          with the OS as an input method, as a consequence of which the Palette
          remains absent from the Input Sources Menu.</p>
          <p>This update is recommended for all users.</p>
      ]]>
        </description>
      <pubDate>Sun, 26 Jan 2020 00:00:00 -0500</pubDate>
      <sparkle:minimumSystemVersion>10.6</sparkle:minimumSystemVersion>
      <enclosure url="https://www.blugs.com/Downloads/IPAPalette_2.3.2.dmg"
                 sparkle:version="2020.01.26"
                 sparkle:shortVersionString="2.3.2"
                 type="application/octet-stream"
                 sparkle:edSignature="8yPleq0aocwxUnkAuAbAocIAkJxpKW2qaiI+p0/jUJ1mdnrl/+GCe3q3wjT49L1sYZx5DU67GBBhQEptkvh+AA=="
                 length="2127677"
      />
    </item>
    <item>
      <title>2.3.1</title>
      <description><![CDATA[
          <h2>Version 2.3.1</h2>
          <p>Fixes a bug causing IPA Manager and IPA Palette to crash on launch
          under versions of macOS prior to 10.15 Catalina.</p>
          <p>Additionally, improves error reporting in IPA Manager.</p>
      ]]>
        </description>
      <pubDate>Sun, 19 Jan 2020 00:00:00 -0500</pubDate>
      <sparkle:minimumSystemVersion>10.6</sparkle:minimumSystemVersion>
      <enclosure url="https://www.blugs.com/Downloads/IPAPalette_2.3.1.dmg"
                 sparkle:version="2020.01.15"
                 sparkle:shortVersionString="2.3.1"
                 type="application/octet-stream"
                 sparkle:edSignature="JpoHCLU6IA7OFw5gclycGSprsrwFKf8I+b/392dE02fwgIcnMZd/twVzXmdCDOg046w+995SzPqq/FkHIwMaDw=="
                 length="2127688"
      />
    </item>
    <item>
      <title>2.3</title>
      <description><![CDATA[
          <h2>Version 2.3</h2>
          <p>The update mechanism (as many of you know) is broken in the version
          you are using, so automatic update will probably fail. If it does, please visit
          <a href="https://blugs.com/IPA">blugs.com/IPA</a> to
          download the latest version.</p>
          <p>Version 2.3 has been developed and tested on macOS 10.15 Catalina,
          and has been checked for malicious content by Apple.</p>
      ]]>
        </description>
      <pubDate>Tue, 19 Dec 2019 21:06:16 -0500</pubDate>
      <sparkle:minimumSystemVersion>10.6</sparkle:minimumSystemVersion>
      <enclosure url="https://www.blugs.com/Downloads/IPAPalette_2.3.dmg"
                 sparkle:version="2019.12.19"
                 sparkle:shortVersionString="2.3"
                 type="application/octet-stream"
                 sparkle:edSignature="8NK3b4h+d5M54+kS2k3U9VFCNVrjzWMUKCIH/fueIe1h5gihWh+0chhSouHtnKIy9jwens8/XYv6ZZ5KideYAA=="
                 length="2128013"
      />
    </item>
    <item>
      <title>2.2.1</title>
      <description><![CDATA[
        <h2>Version 2.2.1 Official Release</h2>
        This is the fully localized, supported version of IPA Palette/IPA
        Manager 2.2.
    ]]>
      </description>
      <pubDate>Mon, 6 Jun 2014 12:30:00 +0000</pubDate>
      <enclosure url="http://www.blugs.com/Downloads/IPAPalette_2.2.1.dmg"
                 sparkle:version="2014.06.09"
                 sparkle:shortVersionString="2.2.1"
                 length="3170627"
                 type="application/octet-stream"
                 sparkle:dsaSignature="MCwCFGh6qwuNwRdC7KS8CZMBhAUca26KAhQy9PGGekBLq75eABkpOdUeWnOZAQ=="/>
    </item>
  </channel>
</rss>

